"";"Date";"Field";"Title";"Main_content";"URL"
"1";"


03/01/2020   13:08 (GMT+07:00)


";"
Giáo d<U+1EE5>c
";"Trý<U+1EDD>ng ÐH Kinh t<U+1EBF> Qu<U+1ED1>c dân tãng ch<U+1EC9> tiêu tuy<U+1EC3>n sinh trong nãm 2020";"
 - Nãm 2020, Trý<U+1EDD>ng ÐH Kinh t<U+1EBF> Qu<U+1ED1>c dân d<U+1EF1> ki<U+1EBF>n tuy<U+1EC3>n sinh 5800 ch<U+1EC9> tiêu, tãng 150 ch<U+1EC9> tiêu so v<U+1EDB>i nãm 2019. Ngý<U+1EE1>ng ð<U+1EA3>m b<U+1EA3>o ch<U+1EA5>t lý<U+1EE3>ng d<U+1EF1> ki<U+1EBF>n c<U+1EE7>a trý<U+1EDD>ng là 18 ði<U+1EC3>m, không tãng hõn so v<U+1EDB>i nãm trý<U+1EDB>c.
";"https://vietnamnet.vn/truong-dh-kinh-te-quoc-dan-tang-chi-tieu-tuyen-sinh-trong-nam-2020-605993.html"
"2";"


05/08/2015   18:58 (GMT+07:00)


";"
Giáo d<U+1EE5>c
";"ÐH Kinh t<U+1EBF> qu<U+1ED1>c dân công b<U+1ED1> thí sinh có kh<U+1EA3> nãng trúng tuy<U+1EC3>n";"
Trong s<U+1ED1> hõn 1.331 h<U+1ED3> sõ ðãng k<U+00FD> xét tuy<U+1EC3>n vào Trý<U+1EDD>ng ÐH Kinh t<U+1EBF>
Qu<U+1ED1>c dân Hà N<U+1ED9>i, có hõn 900 thí sinh ðý<U+1EE3>c xác ð<U+1ECB>nh có kh<U+1EA3> nãng n<U+1EB1>m trong danh sách
trúng tuy<U+1EC3>n.
";"https://vietnamnet.vn/dh-kinh-te-quoc-dan-cong-bo-thi-sinh-co-kha-nang-trung-tuyen-254723.html"
"3";"


19/01/2018   08:31 (GMT+07:00)


";"
Giáo d<U+1EE5>c
";"Trý<U+1EDD>ng ÐH Kinh t<U+1EBF> qu<U+1ED1>c dân tuy<U+1EC3>n sinh nãm 2018 b<U+1EB1>ng nhi<U+1EC1>u phýõng th<U+1EE9>c";"
Theo Ð<U+1EC1> án tuy<U+1EC3>n sinh ð<U+1EA1>i h<U+1ECD>c h<U+1EC7> chính quy trong ði<U+1EC1>u ki<U+1EC7>n t<U+1EF1> ch<U+1EE7> t<U+1EEB> nãm 2018 c<U+1EE7>a Trý<U+1EDD>ng ÐH Kinh t<U+1EBF> qu<U+1ED1>c dân, s<U+1EBD> có nhi<U+1EC1>u thay ð<U+1ED5>i theo hý<U+1EDB>ng k<U+1EBF>t h<U+1EE3>p ða phýõng th<U+1EE9>c và hý<U+1EDB>ng t<U+1EDB>i tuy<U+1EC3>n sinh 2 k<U+1EF3>/nãm.
";"https://vietnamnet.vn/truong-dh-kinh-te-quoc-dan-tuyen-sinh-nam-2018-bang-nhieu-phuong-thuc-424494.html"
"4";"


17/02/2017   21:27 (GMT+07:00)


";"
Giáo d<U+1EE5>c
";"ÐH Kinh t<U+1EBF> qu<U+1ED1>c dân xét tuy<U+1EC3>n th<U+1EB3>ng thí sinh “Ðý<U+1EDD>ng lên ð<U+1EC9>nh Olympia”";"
Ðó là thông tin trong phýõng án tuy<U+1EC3>n sinh ÐH h<U+1EC7> chính quy nãm 2017 v<U+1EEB>a ðý<U+1EE3>c Trý<U+1EDD>ng ÐH Kinh t<U+1EBF> qu<U+1ED1>c dân công b<U+1ED1>.
";"https://vietnamnet.vn/dh-kinh-te-quoc-dan-xet-tuyen-thang-thi-sinh-duong-len-dinh-olympia-357091.html"
"5";"


10/04/2021   16:40 (GMT+07:00)


";"
Giáo d<U+1EE5>c
";"ÐH Kinh t<U+1EBF> Qu<U+1ED1>c dân cho thí sinh ðãng k<U+00FD> t<U+1EDB>i 54 nguy<U+1EC7>n v<U+1ECD>ng";"
N<U+1EBF>u nhý nãm ngoái, Trý<U+1EDD>ng ÐH Kinh t<U+1EBF> Qu<U+1ED1>c dân ch<U+1EC9> cho phép thí sinh ðãng k<U+00FD> t<U+1ED1>i ða 10 nguy<U+1EC7>n v<U+1ECD>ng th<U+00EC> nãm nay, trý<U+1EDD>ng không gi<U+1EDB>i h<U+1EA1>n s<U+1ED1> lý<U+1EE3>ng ðãng k<U+00FD>. Th<U+1EAD>m chí, thí sinh có th<U+1EC3> ðãng k<U+00FD> t<U+1EDB>i 54 nguy<U+1EC7>n v<U+1ECD>ng <U+1EE9>ng v<U+1EDB>i 54 m<U+00E3> ngành.
";"https://vietnamnet.vn/dh-kinh-te-quoc-dan-cho-thi-sinh-dang-ky-toi-54-nguyen-vong-726696.html"
"6";"


25/04/2021   16:41 (GMT+07:00)


";"
Giáo d<U+1EE5>c
";"Hõn 200 sinh viên Trý<U+1EDD>ng ÐH Kinh t<U+1EBF> Qu<U+1ED1>c dân t<U+1ED1>t nghi<U+1EC7>p xu<U+1EA5>t s<U+1EAF>c";"
Th<U+1EE7> khoa ð<U+1EA7>u ra c<U+1EE7>a Trý<U+1EDD>ng ÐH Kinh t<U+1EBF> Qu<U+1ED1>c dân nãm nay là em Ph<U+1EA1>m Nguy<U+1EC5>n Minh Ng<U+1ECD>c (sinh viên ngành Qu<U+1EA3>n tr<U+1ECB> kinh doanh) v<U+1EDB>i ði<U+1EC3>m t<U+1ED5>ng k<U+1EBF>t 3.94/4.0.
";"https://vietnamnet.vn/hon-200-sinh-vien-truong-dh-kinh-te-quoc-dan-tot-nghiep-xuat-sac-730402.html"
"7";"


31/05/2015   15:38 (GMT+07:00)


";"
Giáo d<U+1EE5>c
";"ÐH Kinh t<U+1EBF> qu<U+1ED1>c dân ra m<U+1EAF>t m<U+1EA1>ng lý<U+1EDB>i c<U+1EF1>u h<U+1ECD>c viên, sinh viên";"
Trong bu<U+1ED5>i
ra m<U+1EAF>t m<U+1EA1>ng lý<U+1EDB>i c<U+1EF1>u h<U+1ECD>c viên, sinh viên toàn qu<U+1ED1>c hôm 30/5, Trý<U+1EDD>ng ÐH Kinh t<U+1EBF> Qu<U+1ED1>c
dân ð<U+00E3> v<U+1EAD>n ð<U+1ED9>ng ðý<U+1EE3>c 13,5 t<U+1EC9> ð<U+1ED3>ng tài tr<U+1EE3> h<U+1ECD>c b<U+1ED5>ng cho sinh viên.
";"https://vietnamnet.vn/dh-kinh-te-quoc-dan-ra-mat-mang-luoi-cuu-hoc-vien-sinh-vien-240371.html"
"8";"


21/07/2017   15:36 (GMT+07:00)


";"
Giáo d<U+1EE5>c
";"2 thí sinh ""Ðý<U+1EDD>ng lên ð<U+1EC9>nh Olympia"" trúng tuy<U+1EC3>n ÐH Kinh t<U+1EBF> qu<U+1ED1>c dân";"
Trý<U+1EDD>ng ÐH Kinh t<U+1EBF> qu<U+1ED1>c dân v<U+1EEB>a công b<U+1ED1> danh sách thí sinh trúng tuy<U+1EC3>n di<U+1EC7>n xét tuy<U+1EC3>n k<U+1EBF>t h<U+1EE3>p vào ð<U+1EA1>i h<U+1ECD>c chính quy 2017 c<U+1EE7>a trý<U+1EDD>ng.
";"https://vietnamnet.vn/2-thi-sinh-duong-len-dinh-olympia-trung-tuyen-dh-kinh-te-quoc-dan-385385.html"
"9";"


26/04/2019   10:26 (GMT+07:00)


";"
Giáo d<U+1EE5>c
";"Trý<U+1EDD>ng ÐH Kinh t<U+1EBF> Qu<U+1ED1>c dân có hi<U+1EC7>u trý<U+1EDF>ng m<U+1EDB>i";"
 - Sáng 26/4, B<U+1ED9> trý<U+1EDF>ng B<U+1ED9> GD-ÐT Phùng Xuân Nh<U+1EA1> ð<U+00E3> trao quy<U+1EBF>t ð<U+1ECB>nh b<U+1ED5> nhi<U+1EC7>m ch<U+1EE9>c v<U+1EE5> hi<U+1EC7>u trý<U+1EDF>ng Trý<U+1EDD>ng ÐH Kinh t<U+1EBF> Qu<U+1ED1>c dân cho ông Ph<U+1EA1>m H<U+1ED3>ng Chýõng.
";"https://vietnamnet.vn/truong-dh-kinh-te-quoc-dan-co-hieu-truong-moi-526648.html"
"10";"


25/04/2016   22:22 (GMT+07:00)


";"
Giáo d<U+1EE5>c
";"Ch<U+1EC9> tiêu tuy<U+1EC3>n th<U+1EB3>ng c<U+1EE7>a ÐH Kinh t<U+1EBF> qu<U+1ED1>c dân";"
Ch<U+1EC9> tiêu, ði<U+1EC1>u ki<U+1EC7>n tuy<U+1EC3>n th<U+1EB3>ng nãm 2016 c<U+1EE7>a ÐH Kinh t<U+1EBF> Qu<U+1ED1>c dân c<U+1EE5> th<U+1EC3> nhý sau.
";"https://vietnamnet.vn/chi-tieu-tuyen-thang-cua-dh-kinh-te-quoc-dan-301442.html"
"11";"


11/08/2015   12:26 (GMT+07:00)


";"
Giáo d<U+1EE5>c
";"Ði<U+1EC3>m chu<U+1EA9>n d<U+1EF1> ki<U+1EBF>n vào ÐH Kinh t<U+1EBF> Qu<U+1ED1>c dân";"
Trý<U+1EDD>ng ÐH Kinh t<U+1EBF> Qu<U+1ED1>c dân công b<U+1ED1> ði<U+1EC3>m có th<U+1EC3> trúng tuy<U+1EC3>n ð<U+1ED1>i
v<U+1EDB>i các thí sinh n<U+1ED9>p h<U+1ED3> sõ xét tuy<U+1EC3>n vào trý<U+1EDD>ng.
";"https://vietnamnet.vn/diem-chuan-du-kien-vao-dh-kinh-te-quoc-dan-255739.html"
"12";"


20/01/2022   13:02 (GMT+07:00)


";"
Giáo d<U+1EE5>c
";"ÐH Kinh t<U+1EBF> Qu<U+1ED1>c dân cho sinh viên tr<U+1EDF> l<U+1EA1>i trý<U+1EDD>ng t<U+1EEB> 14/2";"
Trý<U+1EDD>ng ÐH Kinh t<U+1EBF> Qu<U+1ED1>c dân có k<U+1EBF> ho<U+1EA1>ch s<U+1EBD> ðón sinh viên quay tr<U+1EDF> l<U+1EA1>i trý<U+1EDD>ng h<U+1ECD>c t<U+1EAD>p trung vào ngày 14/2. Ð<U+1ED1>i v<U+1EDB>i nh<U+1EEF>ng sinh viên chýa ðý<U+1EE3>c tiêm v<U+1EAF>c xin ð<U+1EE7> 2 m<U+0169>i s<U+1EBD> ðý<U+1EE3>c tiêm ngay sau khi tr<U+1EDF> l<U+1EA1>i trý<U+1EDD>ng.
";"https://vietnamnet.vn/dh-kinh-te-quoc-dan-cho-sinh-vien-tro-lai-truong-tu-142-810353.html"
"13";"


20/03/2018   09:42 (GMT+07:00)


";"
Giáo d<U+1EE5>c
";"Trý<U+1EDD>ng ÐH Kinh t<U+1EBF> qu<U+1ED1>c dân m<U+1EDF> nhi<U+1EC1>u ngành m<U+1EDB>i";"
Nh<U+1EEF>ng thông tin v<U+1EC1> phýõng th<U+1EE9>c tuy<U+1EC3>n sinh vào Trý<U+1EDD>ng ÐH Kinh t<U+1EBF> qu<U+1ED1>c dân nãm 2018 ð<U+00E3> ðý<U+1EE3>c chia s<U+1EBB> chi ti<U+1EBF>t t<U+1EA1>i Ngày h<U+1ED9>i tý v<U+1EA5>n tuy<U+1EC3>n sinh hý<U+1EDB>ng nghi<U+1EC7>p di<U+1EC5>n ra ngày 18/3.
";"https://vietnamnet.vn/truong-dh-kinh-te-quoc-dan-mo-nhieu-nganh-moi-436452.html"
"14";"


21/07/2014   14:54 (GMT+07:00)


";"
Giáo d<U+1EE5>c
";"ÐH Kinh t<U+1EBF> Qu<U+1ED1>c dân có hõn 60 ði<U+1EC3>m 10";"
Ngày 21/7, GS, TS Ph<U+1EA1>m Quang Trung, phó Hi<U+1EC7>u trý<U+1EDF>ng Trý<U+1EDD>ng ÐH Kinh t<U+1EBF>
Qu<U+1ED1>c dân cho bi<U+1EBF>t, trý<U+1EDD>ng ð<U+00E3> hoàn thành công tác ch<U+1EA5>m thi. C<U+1EA3> trý<U+1EDD>ng có
64 bài thi ð<U+1EA1>t ði<U+1EC3>m 10.
";"https://vietnamnet.vn/dh-kinh-te-quoc-dan-co-hon-60-diem-10-187141.html"
"15";"


08/08/2013   11:19 (GMT+07:00)


";"
Giáo d<U+1EE5>c
";"Ði<U+1EC3>m chu<U+1EA9>n Kinh t<U+1EBF> Qu<U+1ED1>c dân, Xây d<U+1EF1>ng, N<U+1ED9>i v<U+1EE5>";"
 Ngay sau khi B<U+1ED9> GD-ÐT công b<U+1ED1> ði<U+1EC3>m sàn, các trý<U+1EDD>ng ÐH Kinh t<U+1EBF> Qu<U+1ED1>c dân, ÐH Xây d<U+1EF1>ng, ÐH M<U+1EF9> thu<U+1EAD>t Công nghi<U+1EC7>p, ÐH N<U+1ED9>i v<U+1EE5>, H<U+1ECD>c vi<U+1EC7>n Chính sách phát tri<U+1EC3>ncông
b<U+1ED1> ði<U+1EC3>m chu<U+1EA9>n chính th<U+1EE9>c.
";"https://vietnamnet.vn/diem-chuan-kinh-te-quoc-dan-xay-dung-noi-vu-134785.html"
"16";"


05/08/2018   16:35 (GMT+07:00)


";"
Giáo d<U+1EE5>c
";"Ði<U+1EC3>m chu<U+1EA9>n Trý<U+1EDD>ng ÐH Kinh t<U+1EBF> qu<U+1ED1>c dân nãm 2018";"
Trý<U+1EDD>ng ÐH Kinh t<U+1EBF> qu<U+1ED1>c dân v<U+1EEB>a công b<U+1ED1> ði<U+1EC3>m chu<U+1EA9>n 2018 h<U+1EC7> ð<U+1EA1>i h<U+1ECD>c chính quy.
";"https://vietnamnet.vn/diem-chuan-truong-dh-kinh-te-quoc-dan-nam-2018-468206.html"
"17";"


11/12/2012   19:30 (GMT+07:00)


";"
Giáo d<U+1EE5>c
";"ÐH Kinh t<U+1EBF> Qu<U+1ED1>c dân l<U+1EA1>m thu hõn 51 t<U+1EF7>";"
Chi<U+1EC1>u 11/12, B<U+1ED9> GD-ÐT công b<U+1ED1> hàng lo<U+1EA1>t sai ph<U+1EA1>m c<U+1EE7>a Trý<U+1EDD>ng ÐH Kinh t<U+1EBF> Qu<U+1ED1>c dân.
Thanh tra B<U+1ED9> ð<U+00E3> thu h<U+1ED3>i hõn 3 t<U+1EF7> ð<U+1ED3>ng thu vý<U+1EE3>t h<U+1ECD>c phí nâng ði<U+1EC3>m c<U+1EE7>a sinh viên h<U+1EC7> ÐH
chính quy nãm h<U+1ECD>c 2011 v<U+1EC1> ngân sách nhà ný<U+1EDB>c.
";"https://vietnamnet.vn/dh-kinh-te-quoc-dan-lam-thu-hon-51-ty-100652.html"
"18";"


04/04/2013   21:04 (GMT+07:00)


";"
Giáo d<U+1EE5>c
";"H<U+00EC>nh ph<U+1EA1>t cho hi<U+1EC7>u trý<U+1EDF>ng ÐH Kinh t<U+1EBF> Qu<U+1ED1>c dân";"
Chi<U+1EC1>u 4/4, B<U+1ED9> GD-ÐT ð<U+00E3> quy<U+1EBF>t ð<U+1ECB>nh ðýa ra h<U+00EC>nh th<U+1EE9>c x<U+1EED> lí “c<U+1EA3>nh cáo” hi<U+1EC7>u
trý<U+1EDF>ng Trý<U+1EDD>ng ÐH Kinh t<U+1EBF> Qu<U+1ED1>c dân Hà N<U+1ED9>i Nguy<U+1EC5>n Vãn Nam.
";"https://vietnamnet.vn/hinh-phat-cho-hieu-truong-dh-kinh-te-quoc-dan-115850.html"
"19";"


19/07/2020   00:53 (GMT+07:00)


";"
Giáo d<U+1EE5>c
";"ÐH Kinh t<U+1EBF> Qu<U+1ED1>c dân ti<U+1EBF>p nh<U+1EAD>n du h<U+1ECD>c sinh v<U+1EC1> ný<U+1EDB>c do Covid-19";"
Trý<U+1EDD>ng ÐH Kinh t<U+1EBF> Qu<U+1ED1>c dân s<U+1EB5>n sàng ti<U+1EBF>p nh<U+1EAD>n các du h<U+1ECD>c sinh Vi<U+1EC7>t Nam v<U+1EC1> ný<U+1EDB>c do <U+1EA3>nh hý<U+1EDF>ng c<U+1EE7>a Covid-19 n<U+1EBF>u các em có nhu c<U+1EA7>u và ð<U+1EE7> ði<U+1EC1>u ki<U+1EC7>n h<U+1ECD>c t<U+1EAD>p t<U+1EA1>i trý<U+1EDD>ng.
";"https://vietnamnet.vn/dh-kinh-te-quoc-dan-tiep-nhan-du-hoc-sinh-ve-nuoc-do-covid-19-658937.html"
"20";"


20/01/2017   18:07 (GMT+07:00)


";"
Giáo d<U+1EE5>c
";"Ki<U+1EC3>m ð<U+1ECB>nh ch<U+1EA5>t lý<U+1EE3>ng Trý<U+1EDD>ng ÐH Kinh t<U+1EBF> Qu<U+1ED1>c dân";"
Trý<U+1EDD>ng ÐH Kinh t<U+1EBF> Qu<U+1ED1>c dân v<U+1EEB>a k<U+00FD> h<U+1EE3>p ð<U+1ED3>ng ðánh giá ngoài v<U+1EDB>i Trung tâm Ki<U+1EC3>m ð<U+1ECB>nh ch<U+1EA5>t lý<U+1EE3>ng giáo d<U+1EE5>c, ÐHQG Hà N<U+1ED9>i ð<U+1EC3> th<U+1EF1>c hi<U+1EC7>n vi<U+1EC7>c ki<U+1EC3>m ð<U+1ECB>nh ch<U+1EA5>t lý<U+1EE3>ng ðánh giá ngoài c<U+1EE7>a trý<U+1EDD>ng.
";"https://vietnamnet.vn/kiem-dinh-chat-luong-truong-dh-kinh-te-quoc-dan-353115.html"
"21";"


21/08/2015   09:14 (GMT+07:00)


";"
Giáo d<U+1EE5>c
";"Phút 89 không ng<U+1EDD> t<U+1EA1>i ÐH Kinh t<U+1EBF> Qu<U+1ED1>c dân";"
Nh<U+1EEF>ng h<U+00EC>nh <U+1EA3>nh ch<U+1EE5>p l<U+1EA1>i c<U+1EA3>nh ph<U+1EE5> huynh và thí sinh cùng
nhau ð<U+1EE9>ng d<U+1EAD>y ð<U+1EC3> ch<U+1EE5>p và theo d<U+00F5>i ði<U+1EC3>m d<U+1EF1> ki<U+1EBF>n trúng tuy<U+1EC3>n vào Trý<U+1EDD>ng ÐH Kinh t<U+1EBF> Qu<U+1ED1>c dân Hà N<U+1ED9>i lúc 15h30 ngày 20/8 ngay l<U+1EAD>p t<U+1EE9>c nh<U+1EAD>n ðý<U+1EE3>c s<U+1EF1> chú <U+00FD> c<U+1EE7>a c<U+1ED9>ng
ð<U+1ED3>ng m<U+1EA1>ng
";"https://vietnamnet.vn/phut-89-khong-ngo-tai-dh-kinh-te-quoc-dan-257683.html"
"22";"


22/09/2014   16:13 (GMT+07:00)


";"
Giáo d<U+1EE5>c
";"Trý<U+1EDD>ng ÐH Kinh t<U+1EBF> qu<U+1ED1>c dân có hi<U+1EC7>u trý<U+1EDF>ng m<U+1EDB>i";"
Sáng 22/9, trý<U+1EDD>ng ÐH Kinh t<U+1EBF> Qu<U+1ED1>c dân t<U+1ED5> ch<U+1EE9>c l<U+1EC5> công b<U+1ED1> Quy<U+1EBF>t ð<U+1ECB>nh
b<U+1ED5> nhi<U+1EC7>m GS.TS Tr<U+1EA7>n Th<U+1ECD> Ð<U+1EA1>t gi<U+1EEF> ch<U+1EE9>c v<U+1EE5> Hi<U+1EC7>u trý<U+1EDF>ng Trý<U+1EDD>ng ÐH Kinh t<U+1EBF>
Qu<U+1ED1>c dân ti<U+1EBF>p t<U+1EE5>c nhi<U+1EC7>m k<U+1EF3> 2013 - 2018.
";"https://vietnamnet.vn/truong-dh-kinh-te-quoc-dan-co-hieu-truong-moi-198483.html"
"23";"


27/07/2013   10:54 (GMT+07:00)


";"
Giáo d<U+1EE5>c
";"Ði<U+1EC3>m sàn vào ÐH Kinh t<U+1EBF> Qu<U+1ED1>c dân là 22,5";"
Sáng 27/7, Trý<U+1EDD>ng ÐH Kinh t<U+1EBF> Qu<U+1ED1>c dân v<U+1EEB>a công b<U+1ED1> ði<U+1EC3>m tuy<U+1EC3>n sinh 2013. Th<U+1EE7> khoa vào
trý<U+1EDD>ng nãm nay ð<U+1EA1>t 29 ði<U+1EC3>m kh<U+1ED1>i A là thí sinh Nguy<U+1EC5>n Dýõng D<U+0169>ng, quê <U+1EDF> Ðông Anh
(Hà N<U+1ED9>i).
";"https://vietnamnet.vn/diem-san-vao-dh-kinh-te-quoc-dan-la-225-132988.html"
"24";"


19/07/2020   00:53 (GMT+07:00)


";"
Giáo d<U+1EE5>c
";"ÐH Kinh t<U+1EBF> Qu<U+1ED1>c dân ti<U+1EBF>p nh<U+1EAD>n du h<U+1ECD>c sinh v<U+1EC1> ný<U+1EDB>c do Covid-19";"
Trý<U+1EDD>ng ÐH Kinh t<U+1EBF> Qu<U+1ED1>c dân s<U+1EB5>n sàng ti<U+1EBF>p nh<U+1EAD>n các du h<U+1ECD>c sinh Vi<U+1EC7>t Nam v<U+1EC1> ný<U+1EDB>c do <U+1EA3>nh hý<U+1EDF>ng c<U+1EE7>a Covid-19 n<U+1EBF>u các em có nhu c<U+1EA7>u và ð<U+1EE7> ði<U+1EC1>u ki<U+1EC7>n h<U+1ECD>c t<U+1EAD>p t<U+1EA1>i trý<U+1EDD>ng.
";"https://vietnamnet.vn/dh-kinh-te-quoc-dan-tiep-nhan-du-hoc-sinh-ve-nuoc-do-covid-19-658937.html"
"25";"


24/06/2016   18:52 (GMT+07:00)


";"
Giáo d<U+1EE5>c
";"N<U+1EEF> sinh Kinh t<U+1EBF> Qu<U+1ED1>c dân b<U+1ECB> nh<U+1EA7>m là 'tú bà ngh<U+00EC>n ðô b<U+1ECB> b<U+1EAF>t'";"
N<U+1EEF> sinh Nguy<U+1EC5>n Th<U+1ECB> H<U+1EA3>o t<U+1EEB>ng xu<U+1EA5>t hi<U+1EC7>n trong m<U+1ED9>t b<U+1ED9> <U+1EA3>nh ðãng trên m<U+1ED9>t t<U+1EDD> báo ði<U+1EC7>n t<U+1EED> v<U+1EDB>i cýõng v<U+1ECB> m<U+1ED9>t l<U+1EDB>p trý<U+1EDF>ng nãng ð<U+1ED9>ng, ðam mê kinh doanh, có nãng khi<U+1EBF>u ngh<U+1EC7> thu<U+1EAD>t và ð<U+1EB7>c bi<U+1EC7>t là có ngo<U+1EA1>i h<U+00EC>nh xinh x<U+1EAF>n, d<U+1EC5> thýõng.
";"https://vietnamnet.vn/nu-sinh-kinh-te-quoc-dan-bi-nham-la-tu-ba-nghin-do-bi-bat-312078.html"
"26";"


07/07/2017   15:09 (GMT+07:00)


";"
Th<U+1EDD>i s<U+1EF1>
";"Minh ch<U+1EE9>ng k<U+1EBF>t h<U+1EE3>p qu<U+1ED1>c ph<U+00F2>ng-an ninh v<U+1EDB>i phát tri<U+1EC3>n kinh t<U+1EBF>";"
B<U+1ED9> trý<U+1EDF>ng TT&TT cho r<U+1EB1>ng th<U+1EF1>c ti<U+1EC5>n 70 nãm qua, DN quân ð<U+1ED9>i ð<U+00E3> th<U+1EC3> hi<U+1EC7>n s<U+1EF1> ðúng ð<U+1EAF>n ch<U+1EE7> trýõng k<U+1EBF>t h<U+1EE3>p an ninh - qu<U+1ED1>c ph<U+00F2>ng v<U+1EDB>i phát tri<U+1EC3>n kinh t<U+1EBF>.
";"https://vietnamnet.vn/minh-chung-ket-hop-quoc-phong-an-ninh-voi-phat-trien-kinh-te-382624.html"
"27";"


01/03/2017   09:40 (GMT+07:00)


";"
Giáo d<U+1EE5>c
";"V<U+00EC> sao ÐH Kinh t<U+1EBF> Qu<U+1ED1>c dân tuy<U+1EC3>n th<U+1EB3>ng thí sinh Ðý<U+1EDD>ng lên ð<U+1EC9>nh Olympia?";"
Theo ông Bùi Ð<U+1EE9>c Tri<U+1EC7>u, Trý<U+1EDD>ng ÐH Kinh t<U+1EBF> qu<U+1ED1>c dân ð<U+00E3> cân nh<U+1EAF>c k<U+1EF9> trý<U+1EDB>c khi ðýa ra tiêu chí tuy<U+1EC3>n th<U+1EB3>ng ð<U+1ED1>i v<U+1EDB>i các thí sinh tham d<U+1EF1> v<U+00F2>ng thi tu<U+1EA7>n cu<U+1ED9>c thi Ðý<U+1EDD>ng lên ð<U+1EC9>nh Olympia.
";"https://vietnamnet.vn/vi-sao-dh-kinh-te-quoc-dan-tuyen-thang-thi-sinh-duong-len-dinh-olympia-358990.html"
"28";"


20/05/2019   13:20 (GMT+07:00)


";"
Giáo d<U+1EE5>c
";"Trý<U+1EDD>ng ÐH Kinh t<U+1EBF> Qu<U+1ED1>c dân có lý<U+1EE3>ng thí sinh ðãng k<U+00FD> tãng k<U+1EF7> l<U+1EE5>c";"
 - PGS.TS Bùi Ð<U+1EE9>c Tri<U+1EC7>u, Trý<U+1EDF>ng ph<U+00F2>ng ðào t<U+1EA1>o Trý<U+1EDD>ng ÐH Kinh t<U+1EBF> Qu<U+1ED1>c dân, cho bi<U+1EBF>t nãm nay, lý<U+1EE3>ng thí sinh ðãng k<U+00FD> vào trý<U+1EDD>ng tãng kho<U+1EA3>ng 30% so v<U+1EDB>i nãm 2018.
";"https://vietnamnet.vn/truong-dh-kinh-te-quoc-dan-co-luong-thi-sinh-dang-ky-tang-ky-luc-533157.html"
"29";"


09/02/2020   13:52 (GMT+07:00)


";"
Giáo d<U+1EE5>c
";"Ngày mai, 25.000 sinh viên ÐH Kinh t<U+1EBF> qu<U+1ED1>c dân chuy<U+1EC3>n sang h<U+1ECD>c tr<U+1EF1>c tuy<U+1EBF>n";"
- Ð<U+1EC3> ph<U+00F2>ng tránh d<U+1ECB>ch b<U+1EC7>nh t<U+1EEB> virus corona, Trý<U+1EDD>ng ÐH Kinh t<U+1EBF> qu<U+1ED1>c dân tri<U+1EC3>n khai phýõng pháp h<U+1ECD>c Blended Learning t<U+1EEB> ngày 10/2/2020 cho hõn 25.000 sinh viên.
";"https://vietnamnet.vn/ngay-mai-25000-sinh-vien-dh-kinh-te-quoc-dan-chuyen-sang-hoc-truc-tuyen-615003.html"
"30";"


20/07/2019   17:01 (GMT+07:00)


";"
Giáo d<U+1EE5>c
";"ÐH Kinh t<U+1EBF> qu<U+1ED1>c dân ""mách ný<U+1EDB>c"" ð<U+1EC3> thí sinh ch<U+1EAF>c ch<U+1EAF>n ð<U+1ED7> vào trý<U+1EDD>ng";"
 - Thí sinh nên chia nguy<U+1EC7>n v<U+1ECD>ng thành 3 nhóm: nhóm cao hõn kh<U+1EA3> nãng, nhóm ngang b<U+1EB1>ng kh<U+1EA3> nãng và nhóm th<U+1EA5>p hõn kh<U+1EA3> nãng ð<U+1EC3> t<U+1EC9> l<U+1EC7> trúng tuy<U+1EC3>n vào trý<U+1EDD>ng g<U+1EA7>n nhý ch<U+1EAF>c ch<U+1EAF>n.
";"https://vietnamnet.vn/dh-kinh-te-quoc-dan-mach-nuoc-de-thi-sinh-chac-chan-do-vao-truong-551959.html"
"31";"


25/10/2019   06:13 (GMT+07:00)


";"
Giáo d<U+1EE5>c
";"Trý<U+1EDD>ng ÐH Kinh t<U+1EBF> qu<U+1ED1>c dân ra m<U+1EAF>t Vi<U+1EC7>n Công ngh<U+1EC7> thông tin và Kinh t<U+1EBF> s<U+1ED1>";"
 - Ngày 24/10, Trý<U+1EDD>ng ÐH Kinh t<U+1EBF> Qu<U+1ED1>c dân ð<U+00E3> ra m<U+1EAF>t Vi<U+1EC7>n Công ngh<U+1EC7> thông tin và Kinh t<U+1EBF> s<U+1ED1>. Trý<U+1EDD>ng c<U+0169>ng b<U+1ED5> nhi<U+1EC7>m TS Nguy<U+1EC5>n Trung Tu<U+1EA5>n làm Vi<U+1EC7>n trý<U+1EDF>ng.
";"https://vietnamnet.vn/truong-dh-kinh-te-quoc-dan-ra-mat-vien-cong-nghe-thong-tin-va-kinh-te-so-581652.html"
"32";"


23/07/2011   18:44 (GMT+07:00)


";"
Giáo d<U+1EE5>c
";"D<U+1EF1> ki<U+1EBF>n ði<U+1EC3>m trúng ÐH Kinh t<U+1EBF> Qu<U+1ED1>c dân là 21";"
Chi<U+1EC1>u 23/7, Trý<U+1EDD>ng ÐH Kinh t<U+1EBF> Qu<U+1ED1>c dân
chính th<U+1EE9>c công b<U+1ED1> ði<U+1EC3>m thi. Theo Trý<U+1EDF>ng ph<U+00F2>ng Qu<U+1EA3>n l<U+00FD> ðào t<U+1EA1>o Nguy<U+1EC5>n
Quang
Dong, d<U+1EF1> ki<U+1EBF>n ði<U+1EC3>m sàn vào trý<U+1EDD>ng là 21.
";"https://vietnamnet.vn/du-kien-diem-trung-dh-kinh-te-quoc-dan-la-21-31921.html"
"33";"


03/08/2013   17:49 (GMT+07:00)


";"
Giáo d<U+1EE5>c
";"Ði<U+1EC3>m chu<U+1EA9>n d<U+1EF1> ki<U+1EBF>n vào Trý<U+1EDD>ng ÐH Kinh t<U+1EBF> qu<U+1ED1>c dân";"
 T<U+1ED1>i 2/8, Trý<U+1EDD>ng ÐH Kinh t<U+1EBF> qu<U+1ED1>c dân ð<U+00E3> hoàn t<U+1EA5>t d<U+1EF1> ki<U+1EBF>n ði<U+1EC3>m trúng tuy<U+1EC3>n vào trý<U+1EDD>ng nãm h<U+1ECD>c 2013 - 2014.
";"https://vietnamnet.vn/diem-chuan-du-kien-vao-truong-dh-kinh-te-quoc-dan-134108.html"
"34";"


17/07/2013   19:08 (GMT+07:00)


";"
Giáo d<U+1EE5>c
";"K<U+1EBF>t lu<U+1EAD>n nhi<U+1EC1>u 'lùm xùm' v<U+1EC1> ÐH Kinh t<U+1EBF> qu<U+1ED1>c dân";"
 B<U+1ED9> GD-ÐT v<U+1EEB>a có k<U+1EBF>t lu<U+1EAD>n nh<U+1EEF>ng n<U+1ED9>i dung t<U+1ED1> cáo liên quan ð<U+1EBF>n vi<U+1EC7>c t<U+1ED5> ch<U+1EE9>c H<U+1ED9>i ngh<U+1ECB> ghi thý gi<U+1EDB>i thi<U+1EC7>u nhân s<U+1EF1> Hi<U+1EC7>u trý<U+1EDF>ng ngày 25/4/2013 c<U+1EE7>a Trý<U+1EDD>ng ÐH Kinh t<U+1EBF> Qu<U+1ED1>c dân và hi<U+1EC7>u phó Tr<U+1EA7>n Th<U+1ECD> Ð<U+1EA1>t.
";"https://vietnamnet.vn/ket-luan-nhieu-lum-xum-ve-dh-kinh-te-quoc-dan-131614.html"
"35";"


26/04/2022   06:02 (GMT+07:00)


";"
Giáo d<U+1EE5>c
";"'Nam th<U+1EA7>n' 8.0 IELTS c<U+1EE7>a Trý<U+1EDD>ng ÐH Kinh t<U+1EBF> qu<U+1ED1>c dân";"
Không ch<U+1EC9> giành ngôi v<U+1ECB> quán quân cu<U+1ED9>c thi King and Queen c<U+1EE7>a Trý<U+1EDD>ng ÐH Kinh t<U+1EBF> Qu<U+1ED1>c dân, Nguy<U+1EC5>n Phýõng Nam c<U+00F2>n s<U+1EDF> h<U+1EEF>u m<U+1ED9>t thành tích h<U+1ECD>c t<U+1EAD>p top ð<U+1EA7>u v<U+1EDB>i IELTS 8.0.
";"https://vietnamnet.vn/nam-than-8-0-ielts-cua-truong-dh-kinh-te-quoc-dan-2013015.html"
"36";"


13/08/2016   19:23 (GMT+07:00)


";"
Giáo d<U+1EE5>c
";"Ði<U+1EC3>m chu<U+1EA9>n ð<U+1EA1>i h<U+1ECD>c Kinh t<U+1EBF> Qu<U+1ED1>c dân cao nh<U+1EA5>t 25,5";"
Ngành có ði<U+1EC3>m chu<U+1EA9>n cao nh<U+1EA5>t c<U+1EE7>a Trý<U+1EDD>ng ÐH Kinh t<U+1EBF> Qu<U+1ED1>c dân là ngành K<U+1EBF> toán v<U+1EDB>i m<U+1EE9>c ði<U+1EC3>m 25,5 ði<U+1EC3>m, gi<U+1EA3>m n<U+1EED>a ði<U+1EC3>m so v<U+1EDB>i nãm 2015.
";"https://vietnamnet.vn/diem-chuan-dai-hoc-kinh-te-quoc-dan-cao-nhat-255-321025.html"
"37";"


18/07/2014   19:13 (GMT+07:00)


";"
Giáo d<U+1EE5>c
";"Ði<U+1EC3>m trúng tuy<U+1EC3>n vào ÐH Kinh t<U+1EBF> qu<U+1ED1>c dân s<U+1EBD> gi<U+1EA3>m";"
Ð<U+1EBF>n th<U+1EDD>i ði<U+1EC3>m này, nhi<U+1EC1>u trý<U+1EDD>ng ð<U+1EA1>i h<U+1ECD>c ð<U+00E3> g<U+1EA7>n hoàn t<U+1EA5>t khâu ch<U+1EA5>m thi.
M<U+1ED9>t ði<U+1EC1>u khác bi<U+1EC7>t so v<U+1EDB>i nh<U+1EEF>ng nãm trý<U+1EDB>c là có r<U+1EA5>t ít ði<U+1EC3>m tuy<U+1EC7>t ð<U+1ED1>i <U+1EDF>
các môn t<U+1EF1> nhiên, và ði<U+1EC3>m 9 <U+1EDF> các môn x<U+00E3> h<U+1ED9>i c<U+0169>ng khá hi<U+1EBF>m hoi.
";"https://vietnamnet.vn/diem-trung-tuyen-vao-dh-kinh-te-quoc-dan-se-giam-186832.html"
"38";"


21/07/2016   15:21 (GMT+07:00)


";"
Giáo d<U+1EE5>c
";"V<U+00EC> sao Trý<U+1EDD>ng ÐH Kinh t<U+1EBF> Qu<U+1ED1>c dân tãng h<U+1ECD>c phí gây s<U+1ED1>c cho sinh viên?";"
Ông Ph<U+1EA1>m H<U+1ED3>ng Chýõng, Phó hi<U+1EC7>u trý<U+1EDF>ng Trý<U+1EDD>ng ÐH Kinh t<U+1EBF> Qu<U+1ED1>c dân kh<U+1EB3>ng ð<U+1ECB>nh vi<U+1EC7>c tãng h<U+1ECD>c phí c<U+1EE7>a nhà trý<U+1EDD>ng ðý<U+1EE3>c th<U+1EF1>c hi<U+1EC7>n theo ðúng l<U+1ED9> tr<U+00EC>nh ðý<U+1EE3>c quy ð<U+1ECB>nh. Tuy nhiên, vi<U+1EC7>c truy<U+1EC1>n thông t<U+1EDB>i sinh viên c<U+00F2>n thi<U+1EBF>u sót.
";"https://vietnamnet.vn/vi-sao-truong-dh-kinh-te-quoc-dan-tang-hoc-phi-gay-soc-cho-sinh-vien-316867.html"
"39";"


21/08/2015   13:55 (GMT+07:00)


";"
Giáo d<U+1EE5>c
";"ÐH Kinh t<U+1EBF> Qu<U+1ED1>c dân nói v<U+1EC1> phút 89 không ng<U+1EDD>";"
""Riêng ngày cu<U+1ED1>i, lý<U+1EE3>ng h<U+1ED3> sõ ""giao d<U+1ECB>ch"" c<U+1EE7>a thí sinh tãng ð<U+1ED9>t bi<U+1EBF>n. Cá bi<U+1EC7>t có em rút, n<U+1ED9>p và thay
ð<U+1ED5>i nguy<U+1EC7>n v<U+1ECD>ng ð<U+1EBF>n 4-5 l<U+1EA7>n"" - Trý<U+1EDF>ng ph<U+00F2>ng Ðào t<U+1EA1>o bi<U+1EBF>t.
";"https://vietnamnet.vn/dh-kinh-te-quoc-dan-noi-ve-phut-89-khong-ngo-257761.html"
"40";"


29/03/2011   06:00 (GMT+07:00)


";"
Th<U+1EDD>i s<U+1EF1>
";"Dân ný<U+1EDB>c giàu lo ng<U+1EA1>i s<U+1EE9>c m<U+1EA1>nh kinh t<U+1EBF> Trung Qu<U+1ED1>c";"
Quan ði<U+1EC3>m tiêu c<U+1EF1>c v<U+1EC1> s<U+1EE9>c m<U+1EA1>nh kinh t<U+1EBF> c<U+1EE7>a Trung Qu<U+1ED1>c ngày càng tãng – và hi<U+1EC7>n t<U+1EA1>i quan ði<U+1EC3>m này chi<U+1EBF>m ða s<U+1ED1> t<U+1EA1>i M<U+1EF9>, Pháp, Canada, Ð<U+1EE9>c và Italy.
";"https://vietnamnet.vn/dan-nuoc-giau-lo-ngai-suc-manh-kinh-te-trung-quoc-14377.html"
"41";"


03/01/2015   01:10 (GMT+07:00)


";"
Giáo d<U+1EE5>c
";"Chuy<U+1EC7>n t<U+00EC>nh c<U+1EA3>m ð<U+1ED9>ng c<U+1EE7>a c<U+1EF1>u SV Kinh t<U+1EBF> qu<U+1ED1>c dân";"
Tai n<U+1EA1>n th<U+1EA3>m kh<U+1ED1>c <U+1EDF> Sa Pa ð<U+00E3> khi<U+1EBF>n Ph<U+1EA1>m Công Tr<U+00EC>nh (quê Ninh B<U+00EC>nh) m<U+00E3>i
m<U+00E3>i m<U+1EA5>t ði ngý<U+1EDD>i v<U+1EE3> chýa cý<U+1EDB>i Ð<U+1ED7> Th<U+1ECB> Lan (quê B<U+1EAF>c Ninh).
";"https://vietnamnet.vn/chuyen-tinh-cam-dong-cua-cuu-sv-kinh-te-quoc-dan-214882.html"
"42";"


20/08/2016   12:47 (GMT+07:00)


";"
Giáo d<U+1EE5>c
";"Trý<U+1EDD>ng ÐH Kinh t<U+1EBF> Qu<U+1ED1>c dân không xét tuy<U+1EC3>n b<U+1ED5> sung";"
Trý<U+1EDD>ng ÐH Kinh t<U+1EBF> Qu<U+1ED1>c dân s<U+1EBD> không xét tuy<U+1EC3>n b<U+1ED5> sung ð<U+1EE3>t 1 (xét tuy<U+1EC3>n ð<U+1EE3>t 2).
";"https://vietnamnet.vn/truong-dh-kinh-te-quoc-dan-khong-xet-tuyen-bo-sung-322202.html"
"43";"


23/07/2022   21:39 (GMT+07:00)


";"
Giáo d<U+1EE5>c
";"Ði<U+1EC3>m chu<U+1EA9>n ÐH Kinh t<U+1EBF> Qu<U+1ED1>c dân 4 nãm g<U+1EA7>n nh<U+1EA5>t";"
Ði<U+1EC3>m chu<U+1EA9>n các ngành c<U+1EE7>a Trý<U+1EDD>ng ÐH Kinh t<U+1EBF> qu<U+1ED1>c dân ð<U+00E3> có nh<U+1EEF>ng bi<U+1EBF>n ð<U+1ED9>ng nh<U+1EA5>t ð<U+1ECB>nh, n<U+1EAF>m gi<U+1EEF> v<U+1ECB> trí cao nh<U+1EA5>t su<U+1ED1>t nhi<U+1EC1>u nãm là ngành Logistics và Qu<U+1EA3>n l<U+00FD> chu<U+1ED7>i cung <U+1EE9>ng.
";"https://vietnamnet.vn/bien-dong-diem-chuan-dai-hoc-kinh-te-quoc-dan-4-nam-qua-2042615.html"
"44";"


14/03/2017   18:32 (GMT+07:00)


";"
Giáo d<U+1EE5>c
";"Trý<U+1EDD>ng Kinh t<U+1EBF> Qu<U+1ED1>c dân d<U+1EEB>ng <U+00FD> ð<U+1ECB>nh tuy<U+1EC3>n th<U+1EB3>ng thí sinh 'Ðý<U+1EDD>ng lên ð<U+1EC9>nh Olympia'";"
Thay vào ðó, các thí sinh c<U+1EE7>a cu<U+1ED9>c thi truy<U+1EC1>n h<U+00EC>nh th<U+1EF1>c t<U+1EBF> này s<U+1EBD> ðý<U+1EE3>c xét tuy<U+1EC3>n theo phýõng th<U+1EE9>c xét tuy<U+1EC3>n k<U+1EBF>t h<U+1EE3>p trong phýõng án tuy<U+1EC3>n sinh c<U+1EE7>a trý<U+1EDD>ng.
";"https://vietnamnet.vn/truong-kinh-te-quoc-dan-dung-y-dinh-tuyen-thang-thi-sinh-duong-len-dinh-olympia-361341.html"
"45";"


13/02/2020   23:03 (GMT+07:00)


";"
Giáo d<U+1EE5>c
";"Trý<U+1EDD>ng ÐH Kinh t<U+1EBF> Qu<U+1ED1>c dân cho sinh viên h<U+1ECD>c t<U+1EA1>i nhà ð<U+1EBF>n h<U+1EBF>t 23/2";"
 - Trý<U+1EDD>ng ÐH Kinh t<U+1EBF> Qu<U+1ED1>c dân v<U+1EEB>a thông báo cho toàn th<U+1EC3> sinh viên, h<U+1ECD>c viên, nghiên c<U+1EE9>u sinh ti<U+1EBF>p t<U+1EE5>c kéo dài th<U+1EDD>i gian không h<U+1ECD>c t<U+1EAD>p trung ð<U+1EBF>n h<U+1EBF>t ngày 23/2 ð<U+1EC3> ph<U+00F2>ng d<U+1ECB>ch b<U+1EC7>nh viêm ðý<U+1EDD>ng hô h<U+1EA5>p c<U+1EA5>p Covid-19.
";"https://vietnamnet.vn/truong-dh-kinh-te-quoc-dan-cho-sinh-vien-hoc-tai-nha-den-het-232-616324.html"
"46";"


22/07/2021   20:05 (GMT+07:00)


";"
Giáo d<U+1EE5>c
";"ÐH Kinh t<U+1EBF> qu<U+1ED1>c dân ð<U+1ECB>nh t<U+1ED5> ch<U+1EE9>c tiêm v<U+1EAF>c xin Covid-19 cho sinh viên";"
Trý<U+1EDD>ng ÐH Kinh t<U+1EBF> qu<U+1ED1>c dân v<U+1EEB>a phát thông báo cho toàn b<U+1ED9> sinh viên chính quy các khóa t<U+1EEB> 59 ð<U+1EBF>n 62 ðãng k<U+00FD> tiêm v<U+1EAF>c xin ph<U+00F2>ng Covid-19.
";"https://vietnamnet.vn/dh-kinh-te-quoc-dan-dinh-to-chuc-tiem-vac-xin-covid-19-cho-sinh-vien-758620.html"
"47";"


28/03/2013   16:22 (GMT+07:00)


";"
Giáo d<U+1EE5>c
";"Ð<U+1EC1> ngh<U+1ECB> x<U+1EED> l<U+00FD> sai ph<U+1EA1>m t<U+1EA1>i ÐH Kinh t<U+1EBF> Qu<U+1ED1>c dân";"
Ð<U+00E3> hõn 3 tháng trôi qua k<U+1EC3> t<U+1EEB> sau khi sai ph<U+1EA1>m c<U+1EE7>a Trý<U+1EDD>ng ÐH Kinh t<U+1EBF> Qu<U+1ED1>c dân
ðý<U+1EE3>c công b<U+1ED1>, dý lu<U+1EAD>n ðang trông ch<U+1EDD> m<U+1ED9>t thái ð<U+1ED9> quy<U+1EBF>t li<U+1EC7>t, nghiêm minh
t<U+1EEB> phía l<U+00E3>nh ð<U+1EA1>o B<U+1ED9> GD-ÐT
";"https://vietnamnet.vn/de-nghi-xu-ly-sai-pham-tai-dh-kinh-te-quoc-dan-114793.html"
"48";"


01/09/2020   00:00 (GMT+07:00)


";"
Giáo d<U+1EE5>c
";"Ð<U+1EA1>i h<U+1ECD>c Kinh t<U+1EBF> Qu<U+1ED1>c dân công b<U+1ED1> ði<U+1EC3>m sàn xét tuy<U+1EC3>n";"
Trý<U+1EDD>ng ÐH Kinh t<U+1EBF> Qu<U+1ED1>c dân v<U+1EEB>a công b<U+1ED1> ngý<U+1EE1>ng ð<U+1EA3>m b<U+1EA3>o ch<U+1EA5>t lý<U+1EE3>ng ð<U+1EA7>u vào (ði<U+1EC3>m sàn n<U+1ED9>p h<U+1ED3> sõ xét tuy<U+1EC3>n) ð<U+1EA1>i h<U+1ECD>c h<U+1EC7> chính quy nãm 2020.
";"https://vietnamnet.vn/dai-hoc-kinh-te-quoc-dan-cong-bo-diem-san-xet-tuyen-670716.html"
"49";"


03/12/2020   06:14 (GMT+07:00)


";"
Giáo d<U+1EE5>c
";"L<U+00FD> do Trý<U+1EDD>ng ÐH Kinh t<U+1EBF> Qu<U+1ED1>c dân m<U+1EAF>c nhi<U+1EC1>u sai ph<U+1EA1>m";"
Thanh tra B<U+1ED9> GD-ÐT c<U+0169>ng nh<U+00EC>n nh<U+1EAD>n nguyên nhân khách quan khi trý<U+1EDD>ng là m<U+1ED9>t trong nh<U+1EEF>ng ðõn v<U+1ECB> ð<U+1EA7>u tiên ðý<U+1EE3>c th<U+1EF1>c hi<U+1EC7>n t<U+1EF1> ch<U+1EE7>, trong khi h<U+1EC7> th<U+1ED1>ng vãn b<U+1EA3>n quy ph<U+1EA1>m pháp lu<U+1EAD>t liên quan chýa ðý<U+1EE3>c hoàn thi<U+1EC7>n, không ð<U+1ED3>ng b<U+1ED9>...
";"https://vietnamnet.vn/ly-do-truong-dh-kinh-te-quoc-dan-mac-nhieu-sai-pham-694337.html"
"50";"


24/08/2020   09:27 (GMT+07:00)


";"
Giáo d<U+1EE5>c
";"Ði<U+1EC3>m chu<U+1EA9>n Trý<U+1EDD>ng ÐH Kinh t<U+1EBF> qu<U+1ED1>c dân 5 nãm g<U+1EA7>n nh<U+1EA5>t";"
Ði<U+1EC3>m chu<U+1EA9>n Trý<U+1EDD>ng ÐH Kinh t<U+1EBF> Qu<U+1ED1>c dân luôn n<U+1EB1>m trong top ð<U+1EA7>u các trý<U+1EDD>ng ðào t<U+1EA1>o ngành kinh t<U+1EBF> c<U+1EE7>a Vi<U+1EC7>t Nam.
";"https://vietnamnet.vn/diem-chuan-truong-dh-kinh-te-quoc-dan-5-nam-gan-nhat-667202.html"
"51";"


22/04/2019   12:10 (GMT+07:00)


";"
Giáo d<U+1EE5>c
";"ÐH Kinh t<U+1EBF> qu<U+1ED1>c dân cho thôi h<U+1ECD>c thêm 5 thí sinh Sõn La ðý<U+1EE3>c nâng ði<U+1EC3>m";"
- Trý<U+1EDD>ng ÐH Kinh t<U+1EBF> qu<U+1ED1>c dân nh<U+1EAD>n ðý<U+1EE3>c danh sách 7 thí sinh ð<U+1EBF>n t<U+1EEB> Sõn La ðý<U+1EE3>c nâng ði<U+1EC3>m thi THPT qu<U+1ED1>c gia 2018 và quy<U+1EBF>t ð<U+1ECB>nh xóa tên kh<U+1ECF>i danh sách trúng tuy<U+1EC3>n v<U+1EDB>i 5 em.
";"https://vietnamnet.vn/dh-kinh-te-quoc-dan-cho-thoi-hoc-them-5-thi-sinh-son-la-duoc-nang-diem-525375.html"
"52";"


28/04/2021   05:00 (GMT+07:00)


";"
Giáo d<U+1EE5>c
";"N<U+1EEF> sinh tr<U+1EDF> thành th<U+1EE7> khoa ÐH Kinh t<U+1EBF> Qu<U+1ED1>c dân v<U+1EDB>i ði<U+1EC3>m s<U+1ED1> g<U+1EA7>n tuy<U+1EC7>t ð<U+1ED1>i";"
Cho r<U+1EB1>ng v<U+1EDB>i nh<U+1EEF>ng g<U+00EC> th<U+1EA7>y cô giáo gi<U+1EA3>ng trên l<U+1EDB>p, sinh viên ch<U+1EC9> có th<U+1EC3> nh<U+1EDB> ðý<U+1EE3>c kho<U+1EA3>ng 50% ki<U+1EBF>n th<U+1EE9>c và s<U+1EBD> “rõi r<U+1EDB>t” d<U+1EA7>n theo th<U+1EDD>i gian, v<U+00EC> th<U+1EBF> Ng<U+1ECD>c ð<U+00E3> t<U+1EF1> rèn cho m<U+00EC>nh thói quen ghi chép bài m<U+1ED9>t cách có h<U+1EC7> th<U+1ED1>ng.
";"https://vietnamnet.vn/nu-sinh-tro-thanh-thu-khoa-dh-kinh-te-quoc-dan-voi-diem-so-gan-tuyet-doi-731129.html"
"53";NA;NA;NA;NA;"https://vietnamnet.vn/thach-thuc-dan-so-bom-hen-gio-cho-kinh-te-trung-quoc-747429.html"
"54";"


12/01/2016   16:00 (GMT+07:00)


";"
Giáo d<U+1EE5>c
";"Vingroup: H<U+1ECD>c b<U+1ED5>ng 30 t<U+1EF7> ð<U+1ED3>ng cho SV Kinh t<U+1EBF> Qu<U+1ED1>c dân";"
T<U+1EAD>p ðoàn Vingroup và Trý<U+1EDD>ng Ð<U+1EA1>i h<U+1ECD>c Kinh T<U+1EBF> Qu<U+1ED1>c Dân v<U+1EEB>a công b<U+1ED1> ra m<U+1EAF>t Qu<U+1EF9> H<U+1ECD>c b<U+1ED5>ng tài nãng tr<U+1EBB> Vingroup tr<U+1ECB> giá 30 t<U+1EF7> ð<U+1ED3>ng, dành cho sinh viên Ð<U+1EA1>i h<U+1ECD>c Kinh T<U+1EBF> Qu<U+1ED1>c Dân.
";"https://vietnamnet.vn/vingroup-hoc-bong-30-ty-dong-cho-sv-kinh-te-quoc-dan-284093.html"
"55";"


31/07/2017   09:22 (GMT+07:00)


";"
Giáo d<U+1EE5>c
";"Trý<U+1EDD>ng ÐH Kinh t<U+1EBF> qu<U+1ED1>c dân công b<U+1ED1> ði<U+1EC3>m chu<U+1EA9>n chính th<U+1EE9>c";"
Trý<U+1EDD>ng ÐH Kinh t<U+1EBF> qu<U+1ED1>c dân công b<U+1ED1> ði<U+1EC3>m chu<U+1EA9>n chính th<U+1EE9>c nãm 2017.
";"https://vietnamnet.vn/truong-dh-kinh-te-quoc-dan-cong-bo-diem-chuan-chinh-thuc-387353.html"
"56";"


02/12/2020   18:33 (GMT+07:00)


";"
Giáo d<U+1EE5>c
";"Nhi<U+1EC1>u sai ph<U+1EA1>m tài chính t<U+1EA1>i Trý<U+1EDD>ng ÐH Kinh t<U+1EBF> Qu<U+1ED1>c dân";"
Thanh tra B<U+1ED9> GD-ÐT k<U+1EBF>t lu<U+1EAD>n các kho<U+1EA3>n thu sai quy ð<U+1ECB>nh c<U+1EE7>a trý<U+1EDD>ng v<U+1EDB>i t<U+1ED5>ng s<U+1ED1> ti<U+1EC1>n t<U+1EDB>i hõn 4,6 t<U+1EF7> ð<U+1ED3>ng. Ngoài ra, công tác quy ho<U+1EA1>ch, b<U+1ED5> nhi<U+1EC7>m, tuy<U+1EC3>n d<U+1EE5>ng c<U+0169>ng có nhi<U+1EC1>u thi<U+1EBF>u sót.
";"https://vietnamnet.vn/nhieu-sai-pham-tai-chinh-tai-truong-dh-kinh-te-quoc-dan-694287.html"
"57";"


08/08/2019   18:09 (GMT+07:00)


";"
Giáo d<U+1EE5>c
";"Trý<U+1EDD>ng ÐH Kinh t<U+1EBF> qu<U+1ED1>c dân công b<U+1ED1> ði<U+1EC3>m chu<U+1EA9>n nãm 2019";"
 - Trý<U+1EDD>ng ÐH Kinh t<U+1EBF> qu<U+1ED1>c dân v<U+1EEB>a công b<U+1ED1> ði<U+1EC3>m trúng tuy<U+1EC3>n vào trý<U+1EDD>ng nãm 2019. Nãm nay, trý<U+1EDD>ng tuy<U+1EC3>n sinh 5.650 ch<U+1EC9> tiêu, tãng 2,7% so v<U+1EDB>i nãm 2018. 
";"https://vietnamnet.vn/truong-dh-kinh-te-quoc-dan-cong-bo-diem-chuan-nam-2019-557228.html"
"58";"


04/10/2020   18:36 (GMT+07:00)


";"
Giáo d<U+1EE5>c
";"Trý<U+1EDD>ng ÐH Kinh t<U+1EBF> qu<U+1ED1>c dân công b<U+1ED1> ði<U+1EC3>m chu<U+1EA9>n nãm 2020";"
Trý<U+1EDD>ng ÐH Kinh t<U+1EBF> qu<U+1ED1>c dân v<U+1EEB>a công b<U+1ED1> ði<U+1EC3>m chu<U+1EA9>n trúng tuy<U+1EC3>n h<U+1EC7> ð<U+1EA1>i h<U+1ECD>c nãm 2020 vào các ngành theo phýõng th<U+1EE9>c s<U+1EED> d<U+1EE5>ng k<U+1EBF>t qu<U+1EA3> thi t<U+1ED1>t nghi<U+1EC7>p THPT.
";"https://vietnamnet.vn/truong-dh-kinh-te-quoc-dan-cong-bo-diem-chuan-nam-2020-678582.html"
"59";"


16/12/2013   20:55 (GMT+07:00)


";"
Th<U+1EDD>i s<U+1EF1>
";"'Kinh t<U+1EBF> ph<U+1EA3>i v<U+1EEF>ng, qu<U+1ED1>c ph<U+00F2>ng ph<U+1EA3>i m<U+1EA1>nh, l<U+00F2>ng dân ph<U+1EA3>i yên'";"
T<U+1ED5>ng Bí thý nh<U+1EAF>c các cán b<U+1ED9> ngo<U+1EA1>i giao: Không ch<U+1EE7> quan, tho<U+1EA3> m<U+00E3>n v<U+00EC> t<U+00EC>nh h<U+00EC>nh c<U+00F2>n nhi<U+1EC1>u ph<U+1EE9>c t<U+1EA1>p, nhi<U+1EC7>m v<U+1EE5> trý<U+1EDB>c m<U+1EAF>t r<U+1EA5>t n<U+1EB7>ng n<U+1EC1>, có nh<U+1EEF>ng vi<U+1EC7>c chúng ta chýa làm ðý<U+1EE3>c.
";"https://vietnamnet.vn/kinh-te-phai-vung-quoc-phong-phai-manh-long-dan-phai-yen-154043.html"
"60";"


03/10/2013   09:00 (GMT+07:00)


";"
Rao v<U+1EB7>t
";"Cãn h<U+1ED9> g<U+1EA7>n trý<U+1EDD>ng ÐH Kinh t<U+1EBF> Qu<U+1ED1>c dân, ch<U+1EC9> 17,1tri<U+1EC7>u/m2";"
 V<U+1EDB>i m<U+1EE9>c giá ch<U+1EC9> t<U+1EEB> 17,1tr/m2 b<U+1EA1>n ð<U+00E3> s<U+1EDF> h<U+1EEF>u ngay cãn h<U+1ED9> ð<U+1EB3>ng c<U+1EA5>p <U+1EDF> hai t<U+00F2>a tháp Chung Cý Sky Garden.
";"https://vietnamnet.vn/can-ho-gan-truong-dh-kinh-te-quoc-dan-chi-171trieum2-142972.html"
"61";"


28/07/2021   20:36 (GMT+07:00)


";"
Giáo d<U+1EE5>c
";"Trý<U+1EDD>ng ÐH Kinh t<U+1EBF> Qu<U+1ED1>c dân công b<U+1ED1> ði<U+1EC3>m sàn xét tuy<U+1EC3>n";"
Trý<U+1EDD>ng ÐH Kinh t<U+1EBF> Qu<U+1ED1>c dân v<U+1EEB>a công b<U+1ED1> m<U+1EE9>c ði<U+1EC3>m sàn xét tuy<U+1EC3>n vào trý<U+1EDD>ng nãm 2021. Theo ðó, thí sinh ð<U+1EA1>t t<U+1EEB> 20 ði<U+1EC3>m có th<U+1EC3> n<U+1ED9>p h<U+1ED3> sõ xét tuy<U+1EC3>n vào trý<U+1EDD>ng.
";"https://vietnamnet.vn/truong-dh-kinh-te-quoc-dan-cong-bo-diem-san-xet-tuyen-760630.html"
"62";NA;NA;NA;NA;"https://vietnamnet.vn/thach-thuc-dan-so-bom-hen-gio-cho-kinh-te-trung-quoc-P474880.html"
"63";"


15/09/2021   18:36 (GMT+07:00)


";"
Giáo d<U+1EE5>c
";"Trý<U+1EDD>ng ÐH Kinh t<U+1EBF> Qu<U+1ED1>c dân công b<U+1ED1> ði<U+1EC3>m chu<U+1EA9>n nãm 2021";"
Trý<U+1EDD>ng ÐH Kinh t<U+1EBF> Qu<U+1ED1>c dân v<U+1EEB>a công b<U+1ED1> ði<U+1EC3>m trúng tuy<U+1EC3>n vào trý<U+1EDD>ng nãm 2021. M<U+1ED9>t s<U+1ED1> ngành có ði<U+1EC3>m chu<U+1EA9>n týõng ð<U+1ED1>i cao nhý Logistics và Qu<U+1EA3>n l<U+00FD> chu<U+1ED7>i cung <U+1EE9>ng v<U+1EDB>i 28,3 ði<U+1EC3>m Kinh doanh qu<U+1ED1>c t<U+1EBF> v<U+1EDB>i 28,25 ði<U+1EC3>m, Ki<U+1EC3>m toán v<U+1EDB>i 28,1 ði<U+1EC3>m.
";"https://vietnamnet.vn/truong-dh-kinh-te-quoc-dan-cong-bo-diem-chuan-nam-2021-775044.html"
"64";"


09/07/2020   15:24 (GMT+07:00)


";"
Th<U+1EDD>i s<U+1EF1>
";"Ông Tr<U+1EA7>n Qu<U+1ED1>c Vý<U+1EE3>ng: B<U+1EA3>o v<U+1EC7> an ninh qu<U+1ED1>c gia và an ninh kinh t<U+1EBF>";"
Trong t<U+00EC>nh h<U+00EC>nh m<U+1EDB>i, an ninh qu<U+1ED1>c gia ðang ð<U+1EE9>ng trý<U+1EDB>c nguy cõ, thách th<U+1EE9>c m<U+1EDB>i r<U+1EA5>t ph<U+1EE9>c t<U+1EA1>p, ð<U+00F2>i h<U+1ECF>i ph<U+1EA3>i có chi<U+1EBF>n lý<U+1EE3>c v<U+1EDB>i t<U+1EA7>m nh<U+00EC>n m<U+1EDB>i, h<U+1EC7> th<U+1ED1>ng gi<U+1EA3>i pháp m<U+1EDB>i.
";"https://vietnamnet.vn/ong-tran-quoc-vuong-bao-ve-an-ninh-quoc-gia-va-an-ninh-kinh-te-656387.html"
"65";"


04/03/2011   09:57 (GMT+07:00)


";"
Th<U+1EDD>i s<U+1EF1>
";"Trung Qu<U+1ED1>c ðau ð<U+1EA7>u chuy<U+1EC7>n tái cân b<U+1EB1>ng kinh t<U+1EBF>";"
Hai k<U+1EF3> h<U+1ECD>p <U+1EDF> TQ s<U+1EBD> công b<U+1ED1> k<U+1EBF> ho<U+1EA1>ch 5 nãm
t<U+1EDB>i, trong ðó kêu g<U+1ECD>i chuy<U+1EC3>n ð<U+1ED5>i t<U+1EEB>
n<U+1EC1>n kinh t<U+1EBF> d<U+1EF1>a vào xu<U+1EA5>t kh<U+1EA9>u sang n<U+1EC1>n kinh
t<U+1EBF> ðý<U+1EE3>c h<U+1ED7> tr<U+1EE3> b<U+1EDF>i chi tiêu tiêu dùng.
";"https://vietnamnet.vn/trung-quoc-dau-dau-chuyen-tai-can-bang-kinh-te-11253.html"
"66";"


08/03/2014   11:59 (GMT+07:00)


";"
Th<U+1EBF> gi<U+1EDB>i
";"C<U+1EA3>nh ðau l<U+00F2>ng t<U+1EA1>i sân bay qu<U+1ED1>c t<U+1EBF> B<U+1EAF>c Kinh";"
 Máy bay m<U+1EA5>t tích c<U+1EE7>a h<U+00E3>ng Malaysia Airlines nghi b<U+1ECB> rõi cách m<U+0169>i
Cà Mau c<U+1EE7>a Vi<U+1EC7>t Nam 120 h<U+1EA3>i l<U+00FD>.
";"https://vietnamnet.vn/canh-dau-long-tai-san-bay-quoc-te-bac-kinh-164648.html"
"67";"


23/08/2015   22:21 (GMT+07:00)


";"
Giáo d<U+1EE5>c
";"D<U+1EF1> báo ði<U+1EC3>m chu<U+1EA9>n ÐH Kinh t<U+1EBF> qu<U+1ED1>c dân cao nh<U+1EA5>tlà 26.25";"
Trên Di<U+1EC5>n ðàn sinh viên Trý<U+1EDD>ng ÐH Kinh t<U+1EBF> Qu<U+1ED1>c dân v<U+1EEB>a ðýa ð<U+1EA7>y ð<U+1EE7> 8 phiên c<U+1EAD>p nh<U+1EAD>t c<U+1EE7>a trý<U+1EDD>ng và d<U+1EF1> báo ði<U+1EC3>m chu<U+1EA9>n nãm 2015 
";"https://vietnamnet.vn/du-bao-diem-chuan-dh-kinh-te-quoc-dan-cao-nhat-la-2625-258075.html"
"68";"


06/09/2017   14:28 (GMT+07:00)


";"
Giáo d<U+1EE5>c
";"Qu<U+1EF9> h<U+1ECD>c b<U+1ED5>ng Trý<U+1EDD>ng Kinh t<U+1EBF> qu<U+1ED1>c dân ð<U+00E3> lên t<U+1EDB>i 20 t<U+1EF7>";"
Qu<U+1EF9> h<U+1ECD>c b<U+1ED5>ng c<U+1EE7>a Trý<U+1EDD>ng Kinh t<U+1EBF> qu<U+1ED1>c dân nãm h<U+1ECD>c 2017-2018 ð<U+00E3> ð<U+1EA1>t ð<U+1EBF>n con s<U+1ED1> 20 t<U+1EF7> ð<U+1ED3>ng, là qu<U+1EF9> h<U+1ECD>c b<U+1ED5>ng l<U+1EDB>n nh<U+1EA5>t t<U+1EEB> trý<U+1EDB>c ð<U+1EBF>n nay.
";"https://vietnamnet.vn/quy-hoc-bong-truong-kinh-te-quoc-dan-da-len-toi-20-ty-397188.html"
"69";"


26/10/2017   06:11 (GMT+07:00)


";"
Giáo d<U+1EE5>c
";"Bên trong thý vi<U+1EC7>n sang ch<U+1EA3>nh c<U+1EE7>a Trý<U+1EDD>ng ÐH Kinh t<U+1EBF> qu<U+1ED1>c dân";"
Cõ s<U+1EDF> v<U+1EAD>t ch<U+1EA5>t hi<U+1EC7>n ð<U+1EA1>i v<U+1EDB>i phong cách thi<U+1EBF>t k<U+1EBF> ki<U+1EBF>n trúc ð<U+1ED9>c ðáo, thý vi<U+1EC7>n c<U+1EE7>a Trý<U+1EDD>ng ÐH Kinh t<U+1EBF> qu<U+1ED1>c dân không ch<U+1EC9> là ch<U+1ED7> h<U+1ECD>c t<U+1EAD>p l<U+00FD> tý<U+1EDF>ng mà c<U+00F2>n th<U+1EEB>a ð<U+1EE7> tiêu chu<U+1EA9>n m<U+1ED9>t ði<U+1EC3>m check-in c<U+1EE7>a các b<U+1EA1>n tr<U+1EBB>.
";"https://vietnamnet.vn/ben-trong-thu-vien-sang-chanh-cua-truong-dh-kinh-te-quoc-dan-406933.html"
"70";"


20/12/2021   12:00 (GMT+07:00)


";"
B<U+1EA5>t ð<U+1ED9>ng s<U+1EA3>n
";"The Sakura - Vinhomes Smart City h<U+1EA5>p d<U+1EAB>n cý dân qu<U+1ED1>c t<U+1EBF>";"
The Sakura - phân khu thu<U+1ED9>c ð<U+1EA1>i ðô th<U+1ECB> Vinhomes Smart City (Nam T<U+1EEB> Liêm, Hà N<U+1ED9>i) ðang ðý<U+1EE3>c c<U+1ED9>ng ð<U+1ED3>ng qu<U+1ED1>c t<U+1EBF> ðánh giá là ngôi nhà hoàn h<U+1EA3>o phía tây Hà N<U+1ED9>i v<U+1EDB>i l<U+1EE3>i th<U+1EBF> vàng v<U+1EC1> v<U+1ECB> trí, h<U+1EC7> th<U+1ED1>ng h<U+1EA1> t<U+1EA7>ng, ti<U+1EC7>n ích.
";"https://vietnamnet.vn/the-sakura-vinhomes-smart-city-hap-dan-cu-dan-quoc-te-802660.html"
"71";"


03/08/2021   09:28 (GMT+07:00)


";"
Giáo d<U+1EE5>c
";"H<U+1ECD>c sinh Vi<U+1EC7>t Nam giành 2 Huy chýõng Ð<U+1ED3>ng Olympic Kinh t<U+1EBF> qu<U+1ED1>c t<U+1EBF>";"
Ngay trong l<U+1EA7>n ð<U+1EA7>u tiên tham d<U+1EF1> k<U+1EF3> thi Olympic Kinh t<U+1EBF> qu<U+1ED1>c t<U+1EBF>, h<U+1ECD>c sinh Vi<U+1EC7>t Nam ð<U+00E3> giành ðý<U+1EE3>c 2 Huy chýõng Ð<U+1ED3>ng cùng thành tích cao toàn ð<U+1ED9>i t<U+1EA1>i m<U+1ED9>t s<U+1ED1> ph<U+1EA7>n thi.
";"https://vietnamnet.vn/hoc-sinh-viet-nam-gianh-2-huy-chuong-dong-olympic-kinh-te-quoc-te-762247.html"
"72";"


04/07/2021   09:40 (GMT+07:00)


";"
Ð<U+1EDD>i s<U+1ED1>ng
";"H<U+1ED3> sen trong cãn penthouse c<U+1EE7>a á khôi ÐH Kinh t<U+1EBF> Qu<U+1ED1>c dân";"
Thanh Th<U+1EA3>o cùng ch<U+1ED3>ng hi<U+1EC7>n s<U+1ED1>ng trong cãn penthouse có di<U+1EC7>n tích 300 m2, trong ðó sân vý<U+1EDD>n 100 m2 và h<U+1ED3> sen ðý<U+1EE3>c thi<U+1EBF>t k<U+1EBF> 5 m2 v<U+1EDB>i nhi<U+1EC1>u gi<U+1ED1>ng hoa khác nhau.
";"https://vietnamnet.vn/ho-sen-trong-can-penthouse-cua-a-khoi-dh-kinh-te-quoc-dan-752733.html"
"73";"


27/10/2015   14:43 (GMT+07:00)


";"
Th<U+1EDD>i s<U+1EF1>
";"Án m<U+1EA1>ng nghiêm tr<U+1ECD>ng t<U+1EA1>i quán ãn sau ÐH Kinh t<U+1EBF> Qu<U+1ED1>c dân";"
Cùng làm vi<U+1EC7>c cho quán ãn sau trý<U+1EDD>ng Ð<U+1EA1>i h<U+1ECD>c Kinh t<U+1EBF> Qu<U+1ED1>c dân, do
có xích mích t<U+1EEB> trý<U+1EDB>c, nên khi c<U+00E3>i nhau, Trung ð<U+00E3> c<U+1EA7>m dao ðâm ch<U+1EBF>t b<U+1EA1>n
cùng làm v<U+1EDB>i m<U+00EC>nh.
";"https://vietnamnet.vn/an-mang-nghiem-trong-tai-quan-an-sau-dh-kinh-te-quoc-dan-269943.html"
"74";"


30/07/2017   19:40 (GMT+07:00)


";"
Giáo d<U+1EE5>c
";"Ði<U+1EC3>m chu<U+1EA9>n Trý<U+1EDD>ng ÐH Kinh t<U+1EBF> Qu<U+1ED1>c dân cao nh<U+1EA5>t là 27 ði<U+1EC3>m";"
 Ði<U+1EC3>m chu<U+1EA9>n ngành cao nh<U+1EA5>t Kinh t<U+1EBF> qu<U+1ED1>c dân là ngành K<U+1EBF> toán và Kinh t<U+1EBF> qu<U+1ED1>c t<U+1EBF> v<U+1EDB>i m<U+1EE9>c ði<U+1EC3>m 27.
";"https://vietnamnet.vn/diem-chuan-truong-dh-kinh-te-quoc-dan-cao-nhat-la-27-diem-387261.html"
"75";"


01/06/2015   14:01 (GMT+07:00)


";"
Giáo d<U+1EE5>c
";"Hành ð<U+1ED9>ng ð<U+1EB9>p c<U+1EE7>a qu<U+1EA3>n lí nhà xe ÐH Kinh t<U+1EBF> qu<U+1ED1>c dân";"
Ph<U+1EA3>n ánh k<U+1ECB>p th<U+1EDD>i v<U+1EC1> vi<U+1EC7>c nhà xe B2 c<U+1EE7>a trý<U+1EDD>ng thu ti<U+1EC1>n g<U+1EED>i xe cao hõn
quy ð<U+1ECB>nh, 3 sinh viên Trý<U+1EDD>ng ÐH Kinh t<U+1EBF> qu<U+1ED1>c dân ð<U+00E3> ðý<U+1EE3>c t<U+1EB7>ng 3 vé g<U+1EED>i xe mi<U+1EC5>n
phí ð<U+1EBF>n h<U+1EBF>t nãm 2015.
";"https://vietnamnet.vn/hanh-dong-dep-cua-quan-li-nha-xe-dh-kinh-te-quoc-dan-240500.html"
"76";"


29/07/2015   15:44 (GMT+07:00)


";"
Giáo d<U+1EE5>c
";"Ði<U+1EC3>m xét n<U+1ED9>p h<U+1ED3> sõ HV Ngo<U+1EA1>i giao, ÐH Kinh t<U+1EBF> qu<U+1ED1>c dân";"
Trý<U+1EDD>ng ÐH Kinh t<U+1EBF> qu<U+1ED1>c dân và H<U+1ECD>c vi<U+1EC7>n Ngo<U+1EA1>i
giao v<U+1EEB>a thông báo ngý<U+1EE1>ng n<U+1ED9>p h<U+1ED3> sõ vào ð<U+1EE3>t 1 (nguy<U+1EC7>n v<U+1ECD>ng 1) c<U+1EE7>a trý<U+1EDD>ng nãm
2015.
";"https://vietnamnet.vn/diem-xet-nop-ho-so-hv-ngoai-giao-dh-kinh-te-quoc-dan-253251.html"
"77";"


13/07/2021   11:51 (GMT+07:00)


";"
Giáo d<U+1EE5>c
";"Ði<U+1EC3>m chu<U+1EA9>n vào ÐH Kinh t<U+1EBF> qu<U+1ED1>c dân trong 4 nãm g<U+1EA7>n ðây";"
Ði<U+1EC3>m chu<U+1EA9>n các ngành c<U+1EE7>a Trý<U+1EDD>ng ÐH Kinh t<U+1EBF> qu<U+1ED1>c dân ð<U+00E3> có nh<U+1EEF>ng bi<U+1EBF>n ð<U+1ED9>ng nh<U+1EA5>t ð<U+1ECB>nh trong nh<U+1EEF>ng nãm qua. 
";"https://vietnamnet.vn/diem-chuan-vao-dh-kinh-te-quoc-dan-trong-4-nam-gan-day-720665.html"
"78";NA;NA;NA;NA;"https://vietnamnet.vn/bay-ty-le-sinh-thap-de-doa-kinh-te-trung-quoc-745583.html"
"79";NA;NA;NA;NA;"https://vietnamnet.vn/bay-ty-le-sinh-thap-de-doa-kinh-te-trung-quoc-P474846.html"
"80";NA;NA;NA;NA;"https://vietnamnet.vn/ben-trong-thu-vien-sang-chanh-cua-truong-dh-kinh-te-quoc-dan-V62680.html"
"81";"


29/07/2015   15:44 (GMT+07:00)


";"
Giáo d<U+1EE5>c
";"Ði<U+1EC3>m xét n<U+1ED9>p h<U+1ED3> sõ HV Ngo<U+1EA1>i giao, ÐH Kinh t<U+1EBF> qu<U+1ED1>c dân";"
Trý<U+1EDD>ng ÐH Kinh t<U+1EBF> qu<U+1ED1>c dân và H<U+1ECD>c vi<U+1EC7>n Ngo<U+1EA1>i
giao v<U+1EEB>a thông báo ngý<U+1EE1>ng n<U+1ED9>p h<U+1ED3> sõ vào ð<U+1EE3>t 1 (nguy<U+1EC7>n v<U+1ECD>ng 1) c<U+1EE7>a trý<U+1EDD>ng nãm
2015.
";"https://vietnamnet.vn/diem-xet-nop-ho-so-hv-ngoai-giao-dh-kinh-te-quoc-dan-253251.html"
"82";"


13/07/2021   11:51 (GMT+07:00)


";"
Giáo d<U+1EE5>c
";"Ði<U+1EC3>m chu<U+1EA9>n vào ÐH Kinh t<U+1EBF> qu<U+1ED1>c dân trong 4 nãm g<U+1EA7>n ðây";"
Ði<U+1EC3>m chu<U+1EA9>n các ngành c<U+1EE7>a Trý<U+1EDD>ng ÐH Kinh t<U+1EBF> qu<U+1ED1>c dân ð<U+00E3> có nh<U+1EEF>ng bi<U+1EBF>n ð<U+1ED9>ng nh<U+1EA5>t ð<U+1ECB>nh trong nh<U+1EEF>ng nãm qua. 
";"https://vietnamnet.vn/diem-chuan-vao-dh-kinh-te-quoc-dan-trong-4-nam-gan-day-720665.html"
"83";NA;NA;NA;NA;"https://vietnamnet.vn/ben-trong-thu-vien-sang-chanh-cua-truong-dh-kinh-te-quoc-dan-V62680.html"
"84";"


20/06/2019   16:00 (GMT+07:00)


";"
Giáo d<U+1EE5>c
";"Vietnam Post dành riêng h<U+1ECD>c b<U+1ED5>ng cho SV ÐH Kinh t<U+1EBF> Qu<U+1ED1>c dân";"
T<U+1EEB> nãm h<U+1ECD>c t<U+1EDB>i ðây, SV trý<U+1EDD>ng ÐH Kinh t<U+1EBF> Qu<U+1ED1>c dân s<U+1EBD> ðý<U+1EE3>c nh<U+1EAD>n h<U+1ECD>c b<U+1ED5>ng “Vietnam Post - Ð<U+1ED3>ng hành cùng Sinh viên”.
";"https://vietnamnet.vn/vietnam-post-danh-rieng-hoc-bong-cho-sv-dh-kinh-te-quoc-dan-543406.html"
"85";"


21/05/2019   08:25 (GMT+07:00)


";"
Giáo d<U+1EE5>c
";"Trý<U+1EDD>ng ÐH Kinh t<U+1EBF> Qu<U+1ED1>c dân c<U+1EA5>p ch<U+1EE9>ng ch<U+1EC9> ngo<U+1EA1>i ng<U+1EEF> trái phép";"
Hi<U+1EC7>n ho<U+1EA1>t ð<U+1ED9>ng c<U+1EE7>a Trung tâm Ngo<U+1EA1>i ng<U+1EEF> - Khoa Ngo<U+1EA1>i ng<U+1EEF> Kinh t<U+1EBF>, Trý<U+1EDD>ng ÐH Kinh t<U+1EBF> Qu<U+1ED1>c dân ð<U+00E3> t<U+1EA1>m d<U+1EEB>ng trong khi hàng trãm h<U+1ECD>c viên hoang mang v<U+00EC> thi<U+1EBF>u thông tin.
";"https://vietnamnet.vn/truong-dh-kinh-te-quoc-dan-cap-chung-chi-ngoai-ngu-trai-phep-533368.html"
"86";"


29/07/2016   18:17 (GMT+07:00)


";"
Giáo d<U+1EE5>c
";"ÐH Kinh t<U+1EBF> Qu<U+1ED1>c dân nh<U+1EAD>n h<U+1ED3> sõ xét tuy<U+1EC3>n t<U+1EEB> 17 ði<U+1EC3>m";"
Trý<U+1EDD>ng ÐH Kinh t<U+1EBF> Qu<U+1ED1>c dân v<U+1EEB>a thông báo v<U+1EC1> vi<U+1EC7>c xét tuy<U+1EC3>n ð<U+1EA1>i h<U+1ECD>c chính quy ð<U+1EE3>t 1 nãm 2016 và quy ð<U+1ECB>nh r<U+00F5> ch<U+1EC9> nh<U+1EAD>n h<U+1ED3> sõ ðãng k<U+00FD> xét tuy<U+1EC3>n t<U+1EEB> 17 ði<U+1EC3>m.
";"https://vietnamnet.vn/dh-kinh-te-quoc-dan-nhan-ho-so-xet-tuyen-tu-17-diem-318397.html"
"87";"


27/07/2022   09:52 (GMT+07:00)


";"
Giáo d<U+1EE5>c
";"Ði<U+1EC3>m chu<U+1EA9>n vào ÐH Kinh t<U+1EBF> qu<U+1ED1>c dân 2022 'týõng ð<U+1ED1>i <U+1ED5>n ð<U+1ECB>nh'";"
PGS.TS Bùi Ð<U+1EE9>c Tri<U+1EC7>u, Trý<U+1EDF>ng ph<U+00F2>ng Qu<U+1EA3>n l<U+00FD> ðào t<U+1EA1>o c<U+1EE7>a Trý<U+1EDD>ng ÐH Kinh t<U+1EBF> qu<U+1ED1>c dân d<U+1EF1> ðoán ði<U+1EC3>m chu<U+1EA9>n các ngành c<U+1EE7>a trý<U+1EDD>ng nãm 2022 s<U+1EBD> týõng ð<U+1ED1>i <U+1ED5>n ð<U+1ECB>nh nhý nãm 2021.
";"https://vietnamnet.vn/diem-chuan-truong-dai-hoc-kinh-te-quoc-dan-2022-ra-sao-2043580.html"
"88";"


22/12/2017   14:21 (GMT+07:00)


";"
Giáo d<U+1EE5>c
";"ÐH Kinh t<U+1EBF> qu<U+1ED1>c dân h<U+1EE3>p tác ðào t<U+1EA1>o Th<U+1EA1>c s<U+0129> v<U+1EDB>i ÐH Qu<U+1ED1>c gia Lào";"
Sáng ngày 22/12, t<U+1EA1>i Trý<U+1EDD>ng ÐH Kinh t<U+1EBF> qu<U+1ED1>c dân ð<U+00E3> di<U+1EC5>n ra L<U+1EC5> k<U+00FD> k<U+1EBF>t h<U+1EE3>p tác ðào t<U+1EA1>o tr<U+00EC>nh ð<U+1ED9> Th<U+1EA1>c s<U+0129> gi<U+1EEF>a Trý<U+1EDD>ng ÐH Kinh t<U+1EBF> qu<U+1ED1>c dân và Trý<U+1EDD>ng ÐH Qu<U+1ED1>c gia Lào 
";"https://vietnamnet.vn/dh-kinh-te-quoc-dan-hop-tac-dao-tao-thac-si-voi-dh-quoc-gia-lao-419323.html"
"89";NA;NA;NA;NA;"https://vietnamnet.vn/kinh-te-so-tru-cot-cua-quoc-gia-thong-minh-singapore-2012209.html"
"90";NA;NA;NA;NA;"https://vietnamnet.vn/bay-ty-le-sinh-thap-de-doa-kinh-te-trung-quoc-745583.html"
"91";NA;NA;NA;NA;"https://vietnamnet.vn/bay-ty-le-sinh-thap-de-doa-kinh-te-trung-quoc-P474846.html"
"92";"


23/02/2017   11:02 (GMT+07:00)


";"
Giáo d<U+1EE5>c
";"Kinh nghi<U+1EC7>m ð<U+1EC3> tr<U+1EDF> thành m<U+1ED9>t th<U+1EF1>c t<U+1EAD>p sinh qu<U+1ED1>c t<U+1EBF>";"
Kinh nghi<U+1EC7>m c<U+1EE7>a các sinh viên sau ðây giúp b<U+1EA1>n t<U+00EC>m ki<U+1EBF>m cõ h<U+1ED9>i th<U+1EF1>c t<U+1EAD>p t<U+1EA1>i môi trý<U+1EDD>ng qu<U+1ED1>c t<U+1EBF>.
";"https://vietnamnet.vn/kinh-nghiem-de-tro-thanh-mot-thuc-tap-sinh-quoc-te-357961.html"
"93";"


26/09/2011   09:28 (GMT+07:00)


";"
Th<U+1EDD>i s<U+1EF1>
";"C<U+1EA3>i cách h<U+1EC7> th<U+1ED1>ng kinh t<U+1EBF> qu<U+1ED1>c t<U+1EBF>: Trung Qu<U+1ED1>c mu<U+1ED1>n g<U+00EC>?";"
Trung Qu<U+1ED1>c s<U+1EBD> có th<U+1EC3> ðóng m<U+1ED9>t vai tr<U+00F2> quan tr<U+1ECD>ng trong quá
tr<U+00EC>nh chuy<U+1EC3>n ð<U+1ED5>i h<U+1EC7> th<U+1ED1>ng kinh t<U+1EBF> qu<U+1ED1>c t<U+1EBF>. V<U+1EAD>y b<U+1EA3>n ch<U+1EA5>t s<U+1EF1> tham gia c<U+1EE7>a
Trung Qu<U+1ED1>c vào quá tr<U+00EC>nh c<U+1EA3>i cách qu<U+1ED1>c t<U+1EBF> nhý th<U+1EBF> nào? Trung Qu<U+1ED1>c mu<U+1ED1>n
g<U+00EC>?
";"https://vietnamnet.vn/cai-cach-he-thong-kinh-te-quoc-te-trung-quoc-muon-gi-40891.html"
"94";"


12/04/2019   11:44 (GMT+07:00)


";"
Giáo d<U+1EE5>c
";"4 thí sinh H<U+00F2>a B<U+00EC>nh b<U+1ECB> h<U+1EA1> ði<U+1EC3>m, Trý<U+1EDD>ng ÐH Kinh t<U+1EBF> qu<U+1ED1>c dân cho thôi h<U+1ECD>c 2 em";"
Trý<U+1EDD>ng ÐH Kinh t<U+1EBF> qu<U+1ED1>c dân ðang vào cu<U+1ED9>c x<U+1EED> l<U+00FD> nh<U+1EEF>ng trý<U+1EDD>ng h<U+1EE3>p thí sinh ðý<U+1EE3>c nâng ði<U+1EC3>m thi THPT qu<U+1ED1>c gia 2018. Trong ðó xóa tên kh<U+1ECF>i danh sách trúng tuy<U+1EC3>n v<U+1EDB>i 2 sinh viên.
 
";"https://vietnamnet.vn/4-thi-sinh-hoa-binh-bi-ha-diem-truong-dh-kinh-te-quoc-dan-cho-thoi-hoc-2-em-521770.html"
"95";"


16/06/2022   11:57 (GMT+07:00)


";"
Giáo d<U+1EE5>c
";"ÐH Kinh t<U+1EBF> qu<U+1ED1>c dân d<U+1EF1> ki<U+1EBF>n không tuy<U+1EC3>n sinh ch<U+1EC9> theo ði<U+1EC3>m thi t<U+1ED1>t nghi<U+1EC7>p THPT nãm 2023";"
D<U+1EF1> ki<U+1EBF>n t<U+1EEB> nãm 2023, Trý<U+1EDD>ng ÐH Kinh t<U+1EBF> qu<U+1ED1>c dân s<U+1EBD> không tuy<U+1EC3>n sinh ÐH chính quy ch<U+1EC9> theo k<U+1EBF>t qu<U+1EA3> thi t<U+1ED1>t nghi<U+1EC7>p THPT.
";"https://vietnamnet.vn/dh-kinh-te-quoc-dan-du-kien-khong-tuyen-sinh-theo-ket-qua-thi-tot-nghiep-thpt-nam-2023-2030658.html"
"96";"


29/09/2016   09:29 (GMT+07:00)


";"
Giáo d<U+1EE5>c
";"Ð<U+1EA1>i h<U+1ECD>c Kinh t<U+1EBF> Qu<U+1ED1>c dân khai trýõng C<U+1ED5>ng thông tin ði<U+1EC7>n t<U+1EED> m<U+1EDB>i";"
Trý<U+1EDD>ng Ð<U+1EA1>i h<U+1ECD>c Kinh t<U+1EBF> Qu<U+1ED1>c dân v<U+1EEB>a cho ra m<U+1EAF>t C<U+1ED5>ng thông tin ði<U+1EC7>n t<U+1EED> m<U+1EDB>i www.neu.edu.vn.
";"https://vietnamnet.vn/dai-hoc-kinh-te-quoc-dan-khai-truong-cong-thong-tin-dien-tu-moi-331361.html"
"97";"


12/11/2016   09:05 (GMT+07:00)


";"
Giáo d<U+1EE5>c
";"Th<U+1EE7> tý<U+1EDB>ng Nguy<U+1EC5>n Xuân Phúc: 1 trong 10 gýõng m<U+1EB7>t c<U+1EF1>u sinh viên Kinh t<U+1EBF> Qu<U+1ED1>c dân tiêu bi<U+1EC3>u";"
Danh sách 10 c<U+1EF1>u sinh viên tiêu bi<U+1EC3>u do Trý<U+1EDD>ng ÐH Kinh t<U+1EBF> qu<U+1ED1>c dân
b<U+00EC>nh ch<U+1ECD>n nhân d<U+1ECB>p trý<U+1EDD>ng k<U+1EF7> ni<U+1EC7>m 60 nãm thành l<U+1EAD>p, g<U+1ED3>m các chính tr<U+1ECB>
gia, nhà khoa h<U+1ECD>c, doanh nhân...
";"https://vietnamnet.vn/thu-tuong-nguyen-xuan-phuc-1-trong-10-guong-mat-cuu-sinh-vien-kinh-te-quoc-dan-tieu-bieu-339357.html"
"98";NA;NA;NA;NA;"https://vietnamnet.vn/pha-nhanh-vu-trong-an-o-tap-the-dai-hoc-kinh-te-quoc-dan-V16170.html"
"99";"


28/07/2015   19:42 (GMT+07:00)


";"
Giáo d<U+1EE5>c
";"Trý<U+1EDD>ng ÐH Kinh t<U+1EBF> qu<U+1ED1>c dân nh<U+1EAD>n h<U+1ED3> sõ t<U+1EEB> 17 ði<U+1EC3>m tr<U+1EDF> lên";"
Trý<U+1EDD>ng ÐH Kinh t<U+1EBF> qu<U+1ED1>c dân cho bi<U+1EBF>t ch<U+1EC9> nh<U+1EAD>n h<U+1ED3> sõ xét tuy<U+1EC3>n có ði<U+1EC3>m s<U+1ED1> cao hõn ngý<U+1EE1>ng ð<U+1EA3>m b<U+1EA3>o ch<U+1EA5>t lý<U+1EE3>ng ð<U+1EA7>u vào ÐH 2 ði<U+1EC3>m.
";"https://vietnamnet.vn/truong-dh-kinh-te-quoc-dan-nhan-ho-so-tu-17-diem-tro-len-253060.html"
"100";"


23/07/2016   08:18 (GMT+07:00)


";"
Giáo d<U+1EE5>c
";"Th<U+1EA7>y tr<U+00F2> Trý<U+1EDD>ng Kinh t<U+1EBF> Qu<U+1ED1>c dân tranh c<U+00E3>i chuy<U+1EC7>n h<U+1ECD>c phí tãng s<U+1ED1>c";"
Gi<U+1EA3>ng viên Pham Thanh Long cho r<U+1EB1>ng trý<U+1EDD>ng ð<U+1EA1>i h<U+1ECD>c không có ch<U+1EE9>c nãng cung c<U+1EA5>p phúc l<U+1EE3>i x<U+00E3> h<U+1ED9>i và không c<U+1EA7>n quan tâm ð<U+1EBF>n gia c<U+1EA3>nh sinh viên, nên ð<U+1EEB>ng mang s<U+1EF1> nghèo khó ra làm s<U+1EE9>c ép v<U+1EDB>i h<U+1ECD>c phí ð<U+1EA1>i h<U+1ECD>c.
";"https://vietnamnet.vn/thay-tro-truong-kinh-te-quoc-dan-tranh-cai-chuyen-hoc-phi-tang-soc-317166.html"
